github.com/hashicorp/terraform/plugin,terraform-provider-acme
github.com/hashicorp/terraform/helper/schema,terraform-provider-acme
github.com/hashicorp/terraform/terraform,terraform-provider-acme
github.com/hashicorp/terraform/plugin,terraform-provider-acme
github.com/hashicorp/terraform/helper/resource,terraform-provider-acme
github.com/hashicorp/terraform/helper/schema,terraform-provider-acme
github.com/hashicorp/terraform/terraform,terraform-provider-acme
github.com/hashicorp/terraform/plugin,terraform-provider-archive
github.com/hashicorp/terraform/helper/hashcode,terraform-provider-archive
github.com/hashicorp/terraform/helper/schema,terraform-provider-archive
github.com/hashicorp/terraform/terraform,terraform-provider-archive
github.com/hashicorp/terraform/helper/resource,terraform-provider-archive
github.com/hashicorp/terraform/helper/schema,terraform-provider-archive
github.com/hashicorp/terraform/terraform,terraform-provider-archive
github.com/hashicorp/terraform/plugin,terraform-provider-arukas
github.com/hashicorp/terraform/helper/resource,terraform-provider-arukas
github.com/hashicorp/terraform/helper/schema,terraform-provider-arukas
github.com/hashicorp/terraform/helper/validation,terraform-provider-arukas
github.com/hashicorp/terraform/terraform,terraform-provider-arukas
github.com/hashicorp/terraform/helper/acctest,terraform-provider-arukas
github.com/hashicorp/terraform/helper/resource,terraform-provider-arukas
github.com/hashicorp/terraform/helper/schema,terraform-provider-arukas
github.com/hashicorp/terraform/terraform,terraform-provider-arukas
github.com/hashicorp/terraform/plugin,terraform-provider-aws
github.com/hashicorp/terraform/flatmap,terraform-provider-aws
github.com/hashicorp/terraform/helper/customdiff,terraform-provider-aws
github.com/hashicorp/terraform/helper/encryption,terraform-provider-aws
github.com/hashicorp/terraform/helper/hashcode,terraform-provider-aws
github.com/hashicorp/terraform/helper/logging,terraform-provider-aws
github.com/hashicorp/terraform/helper/mutexkv,terraform-provider-aws
github.com/hashicorp/terraform/helper/resource,terraform-provider-aws
github.com/hashicorp/terraform/helper/schema,terraform-provider-aws
github.com/hashicorp/terraform/helper/structure,terraform-provider-aws
github.com/hashicorp/terraform/helper/validation,terraform-provider-aws
github.com/hashicorp/terraform/terraform,terraform-provider-aws
github.com/hashicorp/terraform/helper/acctest,terraform-provider-aws
github.com/hashicorp/terraform/helper/resource,terraform-provider-aws
github.com/hashicorp/terraform/helper/schema,terraform-provider-aws
github.com/hashicorp/terraform/terraform,terraform-provider-aws
github.com/hashicorp/terraform/plugin,terraform-provider-azuread
github.com/hashicorp/terraform/helper/schema,terraform-provider-azuread
github.com/hashicorp/terraform/helper/validation,terraform-provider-azuread
github.com/hashicorp/terraform/httpclient,terraform-provider-azuread
github.com/hashicorp/terraform/terraform,terraform-provider-azuread
github.com/hashicorp/terraform/helper/resource,terraform-provider-azuread
github.com/hashicorp/terraform/helper/schema,terraform-provider-azuread
github.com/hashicorp/terraform/helper/validation,terraform-provider-azuread
github.com/hashicorp/terraform/helper/acctest,terraform-provider-azuread
github.com/hashicorp/terraform/helper/mutexkv,terraform-provider-azuread
github.com/hashicorp/terraform/helper/schema,terraform-provider-azuread
github.com/hashicorp/terraform/helper/acctest,terraform-provider-azuread
github.com/hashicorp/terraform/helper/resource,terraform-provider-azuread
github.com/hashicorp/terraform/helper/schema,terraform-provider-azuread
github.com/hashicorp/terraform/terraform,terraform-provider-azuread
github.com/hashicorp/terraform/plugin,terraform-provider-azurerm
github.com/hashicorp/terraform/helper/hashcode,terraform-provider-azurerm
github.com/hashicorp/terraform/helper/resource,terraform-provider-azurerm
github.com/hashicorp/terraform/helper/schema,terraform-provider-azurerm
github.com/hashicorp/terraform/helper/structure,terraform-provider-azurerm
github.com/hashicorp/terraform/helper/validation,terraform-provider-azurerm
github.com/hashicorp/terraform/httpclient,terraform-provider-azurerm
github.com/hashicorp/terraform/terraform,terraform-provider-azurerm
github.com/hashicorp/terraform/helper/hashcode,terraform-provider-azurerm
github.com/hashicorp/terraform/helper/schema,terraform-provider-azurerm
github.com/hashicorp/terraform/helper/validation,terraform-provider-azurerm
github.com/hashicorp/terraform/helper/hashcode,terraform-provider-azurerm
github.com/hashicorp/terraform/helper/schema,terraform-provider-azurerm
github.com/hashicorp/terraform/helper/schema,terraform-provider-azurerm
github.com/hashicorp/terraform/helper/acctest,terraform-provider-azurerm
github.com/hashicorp/terraform/helper/schema,terraform-provider-azurerm
github.com/hashicorp/terraform/helper/validation,terraform-provider-azurerm
github.com/hashicorp/terraform/httpclient,terraform-provider-azurerm
github.com/hashicorp/terraform/helper/mutexkv,terraform-provider-azurerm
github.com/hashicorp/terraform/helper/schema,terraform-provider-azurerm
github.com/hashicorp/terraform/helper/schema,terraform-provider-azurerm
github.com/hashicorp/terraform/helper/validation,terraform-provider-azurerm
github.com/hashicorp/terraform/helper/schema,terraform-provider-azurerm
github.com/hashicorp/terraform/helper/schema,terraform-provider-azurerm
github.com/hashicorp/terraform/helper/acctest,terraform-provider-azurerm
github.com/hashicorp/terraform/helper/resource,terraform-provider-azurerm
github.com/hashicorp/terraform/helper/schema,terraform-provider-azurerm
github.com/hashicorp/terraform/terraform,terraform-provider-azurerm
github.com/hashicorp/terraform/helper/acctest,terraform-provider-azurerm
github.com/hashicorp/terraform/helper/acctest,terraform-provider-azurerm
github.com/hashicorp/terraform/plugin,terraform-provider-azurestack
github.com/hashicorp/terraform/helper/hashcode,terraform-provider-azurestack
github.com/hashicorp/terraform/helper/mutexkv,terraform-provider-azurestack
github.com/hashicorp/terraform/helper/resource,terraform-provider-azurestack
github.com/hashicorp/terraform/helper/schema,terraform-provider-azurestack
github.com/hashicorp/terraform/helper/structure,terraform-provider-azurestack
github.com/hashicorp/terraform/helper/validation,terraform-provider-azurestack
github.com/hashicorp/terraform/terraform,terraform-provider-azurestack
github.com/hashicorp/terraform/helper/acctest,terraform-provider-azurestack
github.com/hashicorp/terraform/helper/resource,terraform-provider-azurestack
github.com/hashicorp/terraform/helper/schema,terraform-provider-azurestack
github.com/hashicorp/terraform/terraform,terraform-provider-azurestack
github.com/hashicorp/terraform/plugin,terraform-provider-bigip
github.com/hashicorp/terraform/helper/schema,terraform-provider-bigip
github.com/hashicorp/terraform/terraform,terraform-provider-bigip
github.com/hashicorp/terraform/helper/resource,terraform-provider-bigip
github.com/hashicorp/terraform/helper/schema,terraform-provider-bigip
github.com/hashicorp/terraform/terraform,terraform-provider-bigip
github.com/hashicorp/terraform/plugin,terraform-provider-bitbucket
github.com/hashicorp/terraform/helper/schema,terraform-provider-bitbucket
github.com/hashicorp/terraform/terraform,terraform-provider-bitbucket
github.com/hashicorp/terraform/helper/resource,terraform-provider-bitbucket
github.com/hashicorp/terraform/helper/schema,terraform-provider-bitbucket
github.com/hashicorp/terraform/terraform,terraform-provider-bitbucket
github.com/hashicorp/terraform/plugin,terraform-provider-brightbox
github.com/hashicorp/terraform/helper/hashcode,terraform-provider-brightbox
github.com/hashicorp/terraform/helper/logging,terraform-provider-brightbox
github.com/hashicorp/terraform/helper/resource,terraform-provider-brightbox
github.com/hashicorp/terraform/helper/schema,terraform-provider-brightbox
github.com/hashicorp/terraform/helper/validation,terraform-provider-brightbox
github.com/hashicorp/terraform/terraform,terraform-provider-brightbox
github.com/hashicorp/terraform/config,terraform-provider-brightbox
github.com/hashicorp/terraform/helper/acctest,terraform-provider-brightbox
github.com/hashicorp/terraform/helper/resource,terraform-provider-brightbox
github.com/hashicorp/terraform/helper/schema,terraform-provider-brightbox
github.com/hashicorp/terraform/terraform,terraform-provider-brightbox
github.com/hashicorp/terraform/plugin,terraform-provider-chef
github.com/hashicorp/terraform/helper/schema,terraform-provider-chef
github.com/hashicorp/terraform/terraform,terraform-provider-chef
github.com/hashicorp/terraform/helper/resource,terraform-provider-chef
github.com/hashicorp/terraform/helper/schema,terraform-provider-chef
github.com/hashicorp/terraform/terraform,terraform-provider-chef
github.com/hashicorp/terraform/plugin,terraform-provider-circonus
github.com/hashicorp/terraform/helper/hashcode,terraform-provider-circonus
github.com/hashicorp/terraform/helper/schema,terraform-provider-circonus
github.com/hashicorp/terraform/terraform,terraform-provider-circonus
github.com/hashicorp/terraform/helper/acctest,terraform-provider-circonus
github.com/hashicorp/terraform/helper/resource,terraform-provider-circonus
github.com/hashicorp/terraform/helper/schema,terraform-provider-circonus
github.com/hashicorp/terraform/terraform,terraform-provider-circonus
github.com/hashicorp/terraform/plugin,terraform-provider-ciscoasa
github.com/hashicorp/terraform/helper/schema,terraform-provider-ciscoasa
github.com/hashicorp/terraform/helper/validation,terraform-provider-ciscoasa
github.com/hashicorp/terraform/terraform,terraform-provider-ciscoasa
github.com/hashicorp/terraform/helper/resource,terraform-provider-ciscoasa
github.com/hashicorp/terraform/helper/schema,terraform-provider-ciscoasa
github.com/hashicorp/terraform/terraform,terraform-provider-ciscoasa
github.com/hashicorp/terraform/plugin,terraform-provider-cloudflare
github.com/hashicorp/terraform/helper/hashcode,terraform-provider-cloudflare
github.com/hashicorp/terraform/helper/logging,terraform-provider-cloudflare
github.com/hashicorp/terraform/helper/schema,terraform-provider-cloudflare
github.com/hashicorp/terraform/helper/validation,terraform-provider-cloudflare
github.com/hashicorp/terraform/httpclient,terraform-provider-cloudflare
github.com/hashicorp/terraform/terraform,terraform-provider-cloudflare
github.com/hashicorp/terraform/helper/acctest,terraform-provider-cloudflare
github.com/hashicorp/terraform/helper/resource,terraform-provider-cloudflare
github.com/hashicorp/terraform/helper/schema,terraform-provider-cloudflare
github.com/hashicorp/terraform/terraform,terraform-provider-cloudflare
github.com/hashicorp/terraform/plugin,terraform-provider-cloudscale
github.com/hashicorp/terraform/helper/logging,terraform-provider-cloudscale
github.com/hashicorp/terraform/helper/resource,terraform-provider-cloudscale
github.com/hashicorp/terraform/helper/schema,terraform-provider-cloudscale
github.com/hashicorp/terraform/terraform,terraform-provider-cloudscale
github.com/hashicorp/terraform/helper/acctest,terraform-provider-cloudscale
github.com/hashicorp/terraform/helper/resource,terraform-provider-cloudscale
github.com/hashicorp/terraform/helper/schema,terraform-provider-cloudscale
github.com/hashicorp/terraform/terraform,terraform-provider-cloudscale
github.com/hashicorp/terraform/plugin,terraform-provider-cloudstack
github.com/hashicorp/terraform/helper/schema,terraform-provider-cloudstack
github.com/hashicorp/terraform/terraform,terraform-provider-cloudstack
github.com/hashicorp/terraform/helper/resource,terraform-provider-cloudstack
github.com/hashicorp/terraform/helper/schema,terraform-provider-cloudstack
github.com/hashicorp/terraform/terraform,terraform-provider-cloudstack
github.com/hashicorp/terraform/plugin,terraform-provider-cobbler
github.com/hashicorp/terraform/helper/hashcode,terraform-provider-cobbler
github.com/hashicorp/terraform/helper/pathorcontents,terraform-provider-cobbler
github.com/hashicorp/terraform/helper/schema,terraform-provider-cobbler
github.com/hashicorp/terraform/terraform,terraform-provider-cobbler
github.com/hashicorp/terraform/helper/resource,terraform-provider-cobbler
github.com/hashicorp/terraform/helper/schema,terraform-provider-cobbler
github.com/hashicorp/terraform/terraform,terraform-provider-cobbler
github.com/hashicorp/terraform/plugin,terraform-provider-consul
github.com/hashicorp/terraform/helper/encryption,terraform-provider-consul
github.com/hashicorp/terraform/helper/hashcode,terraform-provider-consul
github.com/hashicorp/terraform/helper/resource,terraform-provider-consul
github.com/hashicorp/terraform/helper/schema,terraform-provider-consul
github.com/hashicorp/terraform/helper/validation,terraform-provider-consul
github.com/hashicorp/terraform/terraform,terraform-provider-consul
github.com/hashicorp/terraform/config,terraform-provider-consul
github.com/hashicorp/terraform/configs/configschema,terraform-provider-consul
github.com/hashicorp/terraform/helper/resource,terraform-provider-consul
github.com/hashicorp/terraform/helper/schema,terraform-provider-consul
github.com/hashicorp/terraform/terraform,terraform-provider-consul
github.com/hashicorp/terraform/plugin,terraform-provider-datadog
github.com/hashicorp/terraform/helper/logging,terraform-provider-datadog
github.com/hashicorp/terraform/helper/schema,terraform-provider-datadog
github.com/hashicorp/terraform/helper/validation,terraform-provider-datadog
github.com/hashicorp/terraform/terraform,terraform-provider-datadog
github.com/hashicorp/terraform/helper/resource,terraform-provider-datadog
github.com/hashicorp/terraform/helper/schema,terraform-provider-datadog
github.com/hashicorp/terraform/terraform,terraform-provider-datadog
github.com/hashicorp/terraform/plugin,terraform-provider-digitalocean
github.com/hashicorp/terraform/helper/hashcode,terraform-provider-digitalocean
github.com/hashicorp/terraform/helper/logging,terraform-provider-digitalocean
github.com/hashicorp/terraform/helper/resource,terraform-provider-digitalocean
github.com/hashicorp/terraform/helper/schema,terraform-provider-digitalocean
github.com/hashicorp/terraform/helper/validation,terraform-provider-digitalocean
github.com/hashicorp/terraform/terraform,terraform-provider-digitalocean
github.com/hashicorp/terraform/config,terraform-provider-digitalocean
github.com/hashicorp/terraform/helper/acctest,terraform-provider-digitalocean
github.com/hashicorp/terraform/helper/resource,terraform-provider-digitalocean
github.com/hashicorp/terraform/helper/schema,terraform-provider-digitalocean
github.com/hashicorp/terraform/terraform,terraform-provider-digitalocean
github.com/hashicorp/terraform/plugin,terraform-provider-dns
github.com/hashicorp/terraform/helper/hashcode,terraform-provider-dns
github.com/hashicorp/terraform/helper/resource,terraform-provider-dns
github.com/hashicorp/terraform/helper/schema,terraform-provider-dns
github.com/hashicorp/terraform/terraform,terraform-provider-dns
github.com/hashicorp/terraform/helper/resource,terraform-provider-dns
github.com/hashicorp/terraform/helper/schema,terraform-provider-dns
github.com/hashicorp/terraform/terraform,terraform-provider-dns
github.com/hashicorp/terraform/plugin,terraform-provider-dnsimple
github.com/hashicorp/terraform/helper/schema,terraform-provider-dnsimple
github.com/hashicorp/terraform/terraform,terraform-provider-dnsimple
github.com/hashicorp/terraform/helper/resource,terraform-provider-dnsimple
github.com/hashicorp/terraform/helper/schema,terraform-provider-dnsimple
github.com/hashicorp/terraform/terraform,terraform-provider-dnsimple
github.com/hashicorp/terraform/plugin,terraform-provider-docker
github.com/hashicorp/terraform/helper/hashcode,terraform-provider-docker
github.com/hashicorp/terraform/helper/resource,terraform-provider-docker
github.com/hashicorp/terraform/helper/schema,terraform-provider-docker
github.com/hashicorp/terraform/terraform,terraform-provider-docker
github.com/hashicorp/terraform/helper/resource,terraform-provider-docker
github.com/hashicorp/terraform/helper/schema,terraform-provider-docker
github.com/hashicorp/terraform/terraform,terraform-provider-docker
github.com/hashicorp/terraform/plugin,terraform-provider-dyn
github.com/hashicorp/terraform/helper/logging,terraform-provider-dyn
github.com/hashicorp/terraform/helper/schema,terraform-provider-dyn
github.com/hashicorp/terraform/terraform,terraform-provider-dyn
github.com/hashicorp/terraform/helper/resource,terraform-provider-dyn
github.com/hashicorp/terraform/helper/schema,terraform-provider-dyn
github.com/hashicorp/terraform/terraform,terraform-provider-dyn
github.com/hashicorp/terraform/plugin,terraform-provider-external
github.com/hashicorp/terraform/helper/schema,terraform-provider-external
github.com/hashicorp/terraform/terraform,terraform-provider-external
github.com/hashicorp/terraform/helper/resource,terraform-provider-external
github.com/hashicorp/terraform/helper/schema,terraform-provider-external
github.com/hashicorp/terraform/terraform,terraform-provider-external
github.com/hashicorp/terraform/plugin,terraform-provider-flexibleengine
github.com/hashicorp/terraform/helper/hashcode,terraform-provider-flexibleengine
github.com/hashicorp/terraform/helper/mutexkv,terraform-provider-flexibleengine
github.com/hashicorp/terraform/helper/pathorcontents,terraform-provider-flexibleengine
github.com/hashicorp/terraform/helper/resource,terraform-provider-flexibleengine
github.com/hashicorp/terraform/helper/schema,terraform-provider-flexibleengine
github.com/hashicorp/terraform/helper/validation,terraform-provider-flexibleengine
github.com/hashicorp/terraform/terraform,terraform-provider-flexibleengine
github.com/hashicorp/terraform/config,terraform-provider-flexibleengine
github.com/hashicorp/terraform/helper/acctest,terraform-provider-flexibleengine
github.com/hashicorp/terraform/helper/pathorcontents,terraform-provider-flexibleengine
github.com/hashicorp/terraform/helper/resource,terraform-provider-flexibleengine
github.com/hashicorp/terraform/helper/schema,terraform-provider-flexibleengine
github.com/hashicorp/terraform/terraform,terraform-provider-flexibleengine
github.com/hashicorp/terraform/plugin,terraform-provider-fortios
github.com/hashicorp/terraform/helper/schema,terraform-provider-fortios
github.com/hashicorp/terraform/terraform,terraform-provider-fortios
github.com/hashicorp/terraform/helper/acctest,terraform-provider-fortios
github.com/hashicorp/terraform/helper/resource,terraform-provider-fortios
github.com/hashicorp/terraform/helper/schema,terraform-provider-fortios
github.com/hashicorp/terraform/terraform,terraform-provider-fortios
github.com/hashicorp/terraform/plugin,terraform-provider-github
github.com/hashicorp/terraform/helper/logging,terraform-provider-github
github.com/hashicorp/terraform/helper/schema,terraform-provider-github
github.com/hashicorp/terraform/helper/validation,terraform-provider-github
github.com/hashicorp/terraform/terraform,terraform-provider-github
github.com/hashicorp/terraform/helper/acctest,terraform-provider-github
github.com/hashicorp/terraform/helper/resource,terraform-provider-github
github.com/hashicorp/terraform/helper/schema,terraform-provider-github
github.com/hashicorp/terraform/terraform,terraform-provider-github
github.com/hashicorp/terraform/plugin,terraform-provider-gitlab
github.com/hashicorp/terraform/helper/logging,terraform-provider-gitlab
github.com/hashicorp/terraform/helper/resource,terraform-provider-gitlab
github.com/hashicorp/terraform/helper/schema,terraform-provider-gitlab
github.com/hashicorp/terraform/helper/validation,terraform-provider-gitlab
github.com/hashicorp/terraform/terraform,terraform-provider-gitlab
github.com/hashicorp/terraform/helper/acctest,terraform-provider-gitlab
github.com/hashicorp/terraform/helper/resource,terraform-provider-gitlab
github.com/hashicorp/terraform/helper/schema,terraform-provider-gitlab
github.com/hashicorp/terraform/terraform,terraform-provider-gitlab
github.com/hashicorp/terraform/plugin,terraform-provider-google
github.com/hashicorp/terraform/helper/customdiff,terraform-provider-google
github.com/hashicorp/terraform/helper/encryption,terraform-provider-google
github.com/hashicorp/terraform/helper/hashcode,terraform-provider-google
github.com/hashicorp/terraform/helper/logging,terraform-provider-google
github.com/hashicorp/terraform/helper/mutexkv,terraform-provider-google
github.com/hashicorp/terraform/helper/pathorcontents,terraform-provider-google
github.com/hashicorp/terraform/helper/resource,terraform-provider-google
github.com/hashicorp/terraform/helper/schema,terraform-provider-google
github.com/hashicorp/terraform/helper/structure,terraform-provider-google
github.com/hashicorp/terraform/helper/validation,terraform-provider-google
github.com/hashicorp/terraform/httpclient,terraform-provider-google
github.com/hashicorp/terraform/terraform,terraform-provider-google
github.com/hashicorp/terraform/helper/acctest,terraform-provider-google
github.com/hashicorp/terraform/helper/resource,terraform-provider-google
github.com/hashicorp/terraform/helper/schema,terraform-provider-google
github.com/hashicorp/terraform/helper/validation,terraform-provider-google
github.com/hashicorp/terraform/terraform,terraform-provider-google
github.com/hashicorp/terraform/plugin,terraform-provider-google-beta
github.com/hashicorp/terraform/helper/customdiff,terraform-provider-google-beta
github.com/hashicorp/terraform/helper/encryption,terraform-provider-google-beta
github.com/hashicorp/terraform/helper/hashcode,terraform-provider-google-beta
github.com/hashicorp/terraform/helper/logging,terraform-provider-google-beta
github.com/hashicorp/terraform/helper/mutexkv,terraform-provider-google-beta
github.com/hashicorp/terraform/helper/pathorcontents,terraform-provider-google-beta
github.com/hashicorp/terraform/helper/resource,terraform-provider-google-beta
github.com/hashicorp/terraform/helper/schema,terraform-provider-google-beta
github.com/hashicorp/terraform/helper/structure,terraform-provider-google-beta
github.com/hashicorp/terraform/helper/validation,terraform-provider-google-beta
github.com/hashicorp/terraform/httpclient,terraform-provider-google-beta
github.com/hashicorp/terraform/terraform,terraform-provider-google-beta
github.com/hashicorp/terraform/helper/acctest,terraform-provider-google-beta
github.com/hashicorp/terraform/helper/resource,terraform-provider-google-beta
github.com/hashicorp/terraform/helper/schema,terraform-provider-google-beta
github.com/hashicorp/terraform/helper/validation,terraform-provider-google-beta
github.com/hashicorp/terraform/terraform,terraform-provider-google-beta
github.com/hashicorp/terraform/plugin,terraform-provider-grafana
github.com/hashicorp/terraform/helper/schema,terraform-provider-grafana
github.com/hashicorp/terraform/terraform,terraform-provider-grafana
github.com/hashicorp/terraform/helper/resource,terraform-provider-grafana
github.com/hashicorp/terraform/helper/schema,terraform-provider-grafana
github.com/hashicorp/terraform/terraform,terraform-provider-grafana
github.com/hashicorp/terraform/plugin,terraform-provider-hcloud
github.com/hashicorp/terraform/terraform,terraform-provider-hcloud
github.com/hashicorp/terraform/helper/logging,terraform-provider-hcloud
github.com/hashicorp/terraform/helper/schema,terraform-provider-hcloud
github.com/hashicorp/terraform/terraform,terraform-provider-hcloud
github.com/hashicorp/terraform/helper/acctest,terraform-provider-hcloud
github.com/hashicorp/terraform/helper/resource,terraform-provider-hcloud
github.com/hashicorp/terraform/helper/schema,terraform-provider-hcloud
github.com/hashicorp/terraform/terraform,terraform-provider-hcloud
github.com/hashicorp/terraform/plugin,terraform-provider-helm
github.com/hashicorp/terraform/helper/pathorcontents,terraform-provider-helm
github.com/hashicorp/terraform/helper/resource,terraform-provider-helm
github.com/hashicorp/terraform/helper/schema,terraform-provider-helm
github.com/hashicorp/terraform/terraform,terraform-provider-helm
github.com/hashicorp/terraform/config,terraform-provider-helm
github.com/hashicorp/terraform/helper/acctest,terraform-provider-helm
github.com/hashicorp/terraform/helper/resource,terraform-provider-helm
github.com/hashicorp/terraform/helper/schema,terraform-provider-helm
github.com/hashicorp/terraform/terraform,terraform-provider-helm
github.com/hashicorp/terraform/plugin,terraform-provider-heroku
github.com/hashicorp/terraform/helper/resource,terraform-provider-heroku
github.com/hashicorp/terraform/helper/logging,terraform-provider-heroku
github.com/hashicorp/terraform/helper/resource,terraform-provider-heroku
github.com/hashicorp/terraform/helper/schema,terraform-provider-heroku
github.com/hashicorp/terraform/helper/validation,terraform-provider-heroku
github.com/hashicorp/terraform/terraform,terraform-provider-heroku
github.com/hashicorp/terraform/helper/acctest,terraform-provider-heroku
github.com/hashicorp/terraform/helper/resource,terraform-provider-heroku
github.com/hashicorp/terraform/helper/schema,terraform-provider-heroku
github.com/hashicorp/terraform/terraform,terraform-provider-heroku
github.com/hashicorp/terraform/plugin,terraform-provider-http
github.com/hashicorp/terraform/helper/schema,terraform-provider-http
github.com/hashicorp/terraform/terraform,terraform-provider-http
github.com/hashicorp/terraform/helper/resource,terraform-provider-http
github.com/hashicorp/terraform/helper/schema,terraform-provider-http
github.com/hashicorp/terraform/terraform,terraform-provider-http
github.com/hashicorp/terraform/plugin,terraform-provider-icinga2
github.com/hashicorp/terraform/helper/schema,terraform-provider-icinga2
github.com/hashicorp/terraform/terraform,terraform-provider-icinga2
github.com/hashicorp/terraform/helper/resource,terraform-provider-icinga2
github.com/hashicorp/terraform/helper/schema,terraform-provider-icinga2
github.com/hashicorp/terraform/terraform,terraform-provider-icinga2
github.com/hashicorp/terraform/plugin,terraform-provider-ignition
github.com/hashicorp/terraform/helper/schema,terraform-provider-ignition
github.com/hashicorp/terraform/terraform,terraform-provider-ignition
github.com/hashicorp/terraform/helper/resource,terraform-provider-ignition
github.com/hashicorp/terraform/helper/schema,terraform-provider-ignition
github.com/hashicorp/terraform/terraform,terraform-provider-ignition
github.com/hashicorp/terraform/plugin,terraform-provider-influxdb
github.com/hashicorp/terraform/helper/schema,terraform-provider-influxdb
github.com/hashicorp/terraform/terraform,terraform-provider-influxdb
github.com/hashicorp/terraform/helper/resource,terraform-provider-influxdb
github.com/hashicorp/terraform/helper/schema,terraform-provider-influxdb
github.com/hashicorp/terraform/terraform,terraform-provider-influxdb
github.com/hashicorp/terraform/plugin,terraform-provider-jdcloud
github.com/hashicorp/terraform/terraform,terraform-provider-jdcloud
github.com/hashicorp/terraform/helper/customdiff,terraform-provider-jdcloud
github.com/hashicorp/terraform/helper/resource,terraform-provider-jdcloud
github.com/hashicorp/terraform/helper/schema,terraform-provider-jdcloud
github.com/hashicorp/terraform/helper/resource,terraform-provider-jdcloud
github.com/hashicorp/terraform/helper/schema,terraform-provider-jdcloud
github.com/hashicorp/terraform/terraform,terraform-provider-jdcloud
github.com/hashicorp/terraform/plugin,terraform-provider-kubernetes
github.com/hashicorp/terraform/helper/resource,terraform-provider-kubernetes
github.com/hashicorp/terraform/helper/schema,terraform-provider-kubernetes
github.com/hashicorp/terraform/helper/validation,terraform-provider-kubernetes
github.com/hashicorp/terraform/terraform,terraform-provider-kubernetes
github.com/hashicorp/terraform/config,terraform-provider-kubernetes
github.com/hashicorp/terraform/helper/acctest,terraform-provider-kubernetes
github.com/hashicorp/terraform/helper/resource,terraform-provider-kubernetes
github.com/hashicorp/terraform/helper/schema,terraform-provider-kubernetes
github.com/hashicorp/terraform/terraform,terraform-provider-kubernetes
github.com/hashicorp/terraform/plugin,terraform-provider-local
github.com/hashicorp/terraform/helper/schema,terraform-provider-local
github.com/hashicorp/terraform/terraform,terraform-provider-local
github.com/hashicorp/terraform/helper/acctest,terraform-provider-local
github.com/hashicorp/terraform/helper/resource,terraform-provider-local
github.com/hashicorp/terraform/helper/schema,terraform-provider-local
github.com/hashicorp/terraform/terraform,terraform-provider-local
github.com/hashicorp/terraform/plugin,terraform-provider-logicmonitor
github.com/hashicorp/terraform/helper/schema,terraform-provider-logicmonitor
github.com/hashicorp/terraform/terraform,terraform-provider-logicmonitor
github.com/hashicorp/terraform/helper/resource,terraform-provider-logicmonitor
github.com/hashicorp/terraform/helper/schema,terraform-provider-logicmonitor
github.com/hashicorp/terraform/terraform,terraform-provider-logicmonitor
github.com/hashicorp/terraform/plugin,terraform-provider-mysql
github.com/hashicorp/terraform/helper/encryption,terraform-provider-mysql
github.com/hashicorp/terraform/helper/resource,terraform-provider-mysql
github.com/hashicorp/terraform/helper/schema,terraform-provider-mysql
github.com/hashicorp/terraform/helper/validation,terraform-provider-mysql
github.com/hashicorp/terraform/terraform,terraform-provider-mysql
github.com/hashicorp/terraform/helper/resource,terraform-provider-mysql
github.com/hashicorp/terraform/helper/schema,terraform-provider-mysql
github.com/hashicorp/terraform/terraform,terraform-provider-mysql
github.com/hashicorp/terraform/plugin,terraform-provider-netlify
github.com/hashicorp/terraform/helper/logging,terraform-provider-netlify
github.com/hashicorp/terraform/helper/schema,terraform-provider-netlify
github.com/hashicorp/terraform/terraform,terraform-provider-netlify
github.com/hashicorp/terraform/helper/acctest,terraform-provider-netlify
github.com/hashicorp/terraform/helper/resource,terraform-provider-netlify
github.com/hashicorp/terraform/helper/schema,terraform-provider-netlify
github.com/hashicorp/terraform/terraform,terraform-provider-netlify
github.com/hashicorp/terraform/plugin,terraform-provider-newrelic
github.com/hashicorp/terraform/helper/hashcode,terraform-provider-newrelic
github.com/hashicorp/terraform/helper/logging,terraform-provider-newrelic
github.com/hashicorp/terraform/helper/schema,terraform-provider-newrelic
github.com/hashicorp/terraform/helper/validation,terraform-provider-newrelic
github.com/hashicorp/terraform/terraform,terraform-provider-newrelic
github.com/hashicorp/terraform/helper/acctest,terraform-provider-newrelic
github.com/hashicorp/terraform/helper/resource,terraform-provider-newrelic
github.com/hashicorp/terraform/helper/schema,terraform-provider-newrelic
github.com/hashicorp/terraform/terraform,terraform-provider-newrelic
github.com/hashicorp/terraform/plugin,terraform-provider-nomad
github.com/hashicorp/terraform/helper/resource,terraform-provider-nomad
github.com/hashicorp/terraform/helper/schema,terraform-provider-nomad
github.com/hashicorp/terraform/helper/validation,terraform-provider-nomad
github.com/hashicorp/terraform/terraform,terraform-provider-nomad
github.com/hashicorp/terraform/helper/acctest,terraform-provider-nomad
github.com/hashicorp/terraform/helper/resource,terraform-provider-nomad
github.com/hashicorp/terraform/helper/schema,terraform-provider-nomad
github.com/hashicorp/terraform/terraform,terraform-provider-nomad
github.com/hashicorp/terraform/plugin,terraform-provider-ns1
github.com/hashicorp/terraform/helper/schema,terraform-provider-ns1
github.com/hashicorp/terraform/terraform,terraform-provider-ns1
github.com/hashicorp/terraform/helper/acctest,terraform-provider-ns1
github.com/hashicorp/terraform/helper/resource,terraform-provider-ns1
github.com/hashicorp/terraform/helper/schema,terraform-provider-ns1
github.com/hashicorp/terraform/terraform,terraform-provider-ns1
github.com/hashicorp/terraform/plugin,terraform-provider-nsxt
github.com/hashicorp/terraform/terraform,terraform-provider-nsxt
github.com/hashicorp/terraform/helper/hashcode,terraform-provider-nsxt
github.com/hashicorp/terraform/helper/resource,terraform-provider-nsxt
github.com/hashicorp/terraform/helper/schema,terraform-provider-nsxt
github.com/hashicorp/terraform/helper/validation,terraform-provider-nsxt
github.com/hashicorp/terraform/terraform,terraform-provider-nsxt
github.com/hashicorp/terraform/helper/resource,terraform-provider-nsxt
github.com/hashicorp/terraform/helper/schema,terraform-provider-nsxt
github.com/hashicorp/terraform/terraform,terraform-provider-nsxt
github.com/hashicorp/terraform/plugin,terraform-provider-null
github.com/hashicorp/terraform/helper/schema,terraform-provider-null
github.com/hashicorp/terraform/terraform,terraform-provider-null
github.com/hashicorp/terraform/helper/schema,terraform-provider-null
github.com/hashicorp/terraform/terraform,terraform-provider-null
github.com/hashicorp/terraform/plugin,terraform-provider-nutanix
github.com/hashicorp/terraform/helper/resource,terraform-provider-nutanix
github.com/hashicorp/terraform/helper/schema,terraform-provider-nutanix
github.com/hashicorp/terraform/helper/validation,terraform-provider-nutanix
github.com/hashicorp/terraform/terraform,terraform-provider-nutanix
github.com/hashicorp/terraform/flatmap,terraform-provider-nutanix
github.com/hashicorp/terraform/helper/acctest,terraform-provider-nutanix
github.com/hashicorp/terraform/helper/resource,terraform-provider-nutanix
github.com/hashicorp/terraform/helper/schema,terraform-provider-nutanix
github.com/hashicorp/terraform/terraform,terraform-provider-nutanix
github.com/hashicorp/terraform/plugin,terraform-provider-oci
github.com/hashicorp/terraform/terraform,terraform-provider-oci
github.com/hashicorp/terraform/helper/customdiff,terraform-provider-oci
github.com/hashicorp/terraform/helper/hashcode,terraform-provider-oci
github.com/hashicorp/terraform/helper/resource,terraform-provider-oci
github.com/hashicorp/terraform/helper/schema,terraform-provider-oci
github.com/hashicorp/terraform/helper/validation,terraform-provider-oci
github.com/hashicorp/terraform/terraform,terraform-provider-oci
github.com/hashicorp/terraform/helper/resource,terraform-provider-oci
github.com/hashicorp/terraform/helper/schema,terraform-provider-oci
github.com/hashicorp/terraform/terraform,terraform-provider-oci
github.com/hashicorp/terraform/plugin,terraform-provider-oneandone
github.com/hashicorp/terraform/helper/logging,terraform-provider-oneandone
github.com/hashicorp/terraform/helper/schema,terraform-provider-oneandone
github.com/hashicorp/terraform/helper/validation,terraform-provider-oneandone
github.com/hashicorp/terraform/terraform,terraform-provider-oneandone
github.com/hashicorp/terraform/helper/resource,terraform-provider-oneandone
github.com/hashicorp/terraform/helper/schema,terraform-provider-oneandone
github.com/hashicorp/terraform/terraform,terraform-provider-oneandone
github.com/hashicorp/terraform/plugin,terraform-provider-opc
github.com/hashicorp/terraform/helper/customdiff,terraform-provider-opc
github.com/hashicorp/terraform/helper/hashcode,terraform-provider-opc
github.com/hashicorp/terraform/helper/logging,terraform-provider-opc
github.com/hashicorp/terraform/helper/schema,terraform-provider-opc
github.com/hashicorp/terraform/helper/structure,terraform-provider-opc
github.com/hashicorp/terraform/helper/validation,terraform-provider-opc
github.com/hashicorp/terraform/terraform,terraform-provider-opc
github.com/hashicorp/terraform/helper/acctest,terraform-provider-opc
github.com/hashicorp/terraform/helper/resource,terraform-provider-opc
github.com/hashicorp/terraform/helper/schema,terraform-provider-opc
github.com/hashicorp/terraform/terraform,terraform-provider-opc
github.com/hashicorp/terraform/plugin,terraform-provider-openstack
github.com/hashicorp/terraform/helper/customdiff,terraform-provider-openstack
github.com/hashicorp/terraform/helper/hashcode,terraform-provider-openstack
github.com/hashicorp/terraform/helper/mutexkv,terraform-provider-openstack
github.com/hashicorp/terraform/helper/pathorcontents,terraform-provider-openstack
github.com/hashicorp/terraform/helper/resource,terraform-provider-openstack
github.com/hashicorp/terraform/helper/schema,terraform-provider-openstack
github.com/hashicorp/terraform/helper/structure,terraform-provider-openstack
github.com/hashicorp/terraform/helper/validation,terraform-provider-openstack
github.com/hashicorp/terraform/terraform,terraform-provider-openstack
github.com/hashicorp/terraform/config,terraform-provider-openstack
github.com/hashicorp/terraform/helper/acctest,terraform-provider-openstack
github.com/hashicorp/terraform/helper/pathorcontents,terraform-provider-openstack
github.com/hashicorp/terraform/helper/resource,terraform-provider-openstack
github.com/hashicorp/terraform/helper/schema,terraform-provider-openstack
github.com/hashicorp/terraform/terraform,terraform-provider-openstack
github.com/hashicorp/terraform/plugin,terraform-provider-opentelekomcloud
github.com/hashicorp/terraform/helper/hashcode,terraform-provider-opentelekomcloud
github.com/hashicorp/terraform/helper/mutexkv,terraform-provider-opentelekomcloud
github.com/hashicorp/terraform/helper/pathorcontents,terraform-provider-opentelekomcloud
github.com/hashicorp/terraform/helper/resource,terraform-provider-opentelekomcloud
github.com/hashicorp/terraform/helper/schema,terraform-provider-opentelekomcloud
github.com/hashicorp/terraform/helper/validation,terraform-provider-opentelekomcloud
github.com/hashicorp/terraform/terraform,terraform-provider-opentelekomcloud
github.com/hashicorp/terraform/config,terraform-provider-opentelekomcloud
github.com/hashicorp/terraform/helper/acctest,terraform-provider-opentelekomcloud
github.com/hashicorp/terraform/helper/pathorcontents,terraform-provider-opentelekomcloud
github.com/hashicorp/terraform/helper/resource,terraform-provider-opentelekomcloud
github.com/hashicorp/terraform/helper/schema,terraform-provider-opentelekomcloud
github.com/hashicorp/terraform/terraform,terraform-provider-opentelekomcloud
github.com/hashicorp/terraform/plugin,terraform-provider-oraclepaas
github.com/hashicorp/terraform/helper/logging,terraform-provider-oraclepaas
github.com/hashicorp/terraform/helper/schema,terraform-provider-oraclepaas
github.com/hashicorp/terraform/helper/validation,terraform-provider-oraclepaas
github.com/hashicorp/terraform/terraform,terraform-provider-oraclepaas
github.com/hashicorp/terraform/helper/acctest,terraform-provider-oraclepaas
github.com/hashicorp/terraform/helper/resource,terraform-provider-oraclepaas
github.com/hashicorp/terraform/helper/schema,terraform-provider-oraclepaas
github.com/hashicorp/terraform/terraform,terraform-provider-oraclepaas
github.com/hashicorp/terraform/plugin,terraform-provider-ovh
github.com/hashicorp/terraform/helper/hashcode,terraform-provider-ovh
github.com/hashicorp/terraform/helper/logging,terraform-provider-ovh
github.com/hashicorp/terraform/helper/resource,terraform-provider-ovh
github.com/hashicorp/terraform/helper/schema,terraform-provider-ovh
github.com/hashicorp/terraform/terraform,terraform-provider-ovh
github.com/hashicorp/terraform/helper/acctest,terraform-provider-ovh
github.com/hashicorp/terraform/helper/resource,terraform-provider-ovh
github.com/hashicorp/terraform/helper/schema,terraform-provider-ovh
github.com/hashicorp/terraform/terraform,terraform-provider-ovh
github.com/hashicorp/terraform/plugin,terraform-provider-packet
github.com/hashicorp/terraform/helper/logging,terraform-provider-packet
github.com/hashicorp/terraform/helper/mutexkv,terraform-provider-packet
github.com/hashicorp/terraform/helper/resource,terraform-provider-packet
github.com/hashicorp/terraform/helper/schema,terraform-provider-packet
github.com/hashicorp/terraform/helper/structure,terraform-provider-packet
github.com/hashicorp/terraform/helper/validation,terraform-provider-packet
github.com/hashicorp/terraform/terraform,terraform-provider-packet
github.com/hashicorp/terraform/helper/acctest,terraform-provider-packet
github.com/hashicorp/terraform/helper/resource,terraform-provider-packet
github.com/hashicorp/terraform/helper/schema,terraform-provider-packet
github.com/hashicorp/terraform/terraform,terraform-provider-packet
github.com/hashicorp/terraform/plugin,terraform-provider-pagerduty
github.com/hashicorp/terraform/helper/logging,terraform-provider-pagerduty
github.com/hashicorp/terraform/helper/resource,terraform-provider-pagerduty
github.com/hashicorp/terraform/helper/schema,terraform-provider-pagerduty
github.com/hashicorp/terraform/helper/structure,terraform-provider-pagerduty
github.com/hashicorp/terraform/helper/validation,terraform-provider-pagerduty
github.com/hashicorp/terraform/terraform,terraform-provider-pagerduty
github.com/hashicorp/terraform/helper/acctest,terraform-provider-pagerduty
github.com/hashicorp/terraform/helper/resource,terraform-provider-pagerduty
github.com/hashicorp/terraform/helper/schema,terraform-provider-pagerduty
github.com/hashicorp/terraform/terraform,terraform-provider-pagerduty
github.com/hashicorp/terraform/plugin,terraform-provider-panos
github.com/hashicorp/terraform/helper/hashcode,terraform-provider-panos
github.com/hashicorp/terraform/helper/schema,terraform-provider-panos
github.com/hashicorp/terraform/terraform,terraform-provider-panos
github.com/hashicorp/terraform/helper/acctest,terraform-provider-panos
github.com/hashicorp/terraform/helper/resource,terraform-provider-panos
github.com/hashicorp/terraform/helper/schema,terraform-provider-panos
github.com/hashicorp/terraform/terraform,terraform-provider-panos
github.com/hashicorp/terraform/plugin,terraform-provider-postgresql
github.com/hashicorp/terraform/helper/schema,terraform-provider-postgresql
github.com/hashicorp/terraform/helper/validation,terraform-provider-postgresql
github.com/hashicorp/terraform/terraform,terraform-provider-postgresql
github.com/hashicorp/terraform/helper/resource,terraform-provider-postgresql
github.com/hashicorp/terraform/helper/schema,terraform-provider-postgresql
github.com/hashicorp/terraform/terraform,terraform-provider-postgresql
github.com/hashicorp/terraform/plugin,terraform-provider-profitbricks
github.com/hashicorp/terraform/helper/resource,terraform-provider-profitbricks
github.com/hashicorp/terraform/helper/schema,terraform-provider-profitbricks
github.com/hashicorp/terraform/terraform,terraform-provider-profitbricks
github.com/hashicorp/terraform/helper/resource,terraform-provider-profitbricks
github.com/hashicorp/terraform/helper/schema,terraform-provider-profitbricks
github.com/hashicorp/terraform/terraform,terraform-provider-profitbricks
github.com/hashicorp/terraform/plugin,terraform-provider-rabbitmq
github.com/hashicorp/terraform/helper/schema,terraform-provider-rabbitmq
github.com/hashicorp/terraform/helper/structure,terraform-provider-rabbitmq
github.com/hashicorp/terraform/helper/validation,terraform-provider-rabbitmq
github.com/hashicorp/terraform/terraform,terraform-provider-rabbitmq
github.com/hashicorp/terraform/helper/resource,terraform-provider-rabbitmq
github.com/hashicorp/terraform/helper/schema,terraform-provider-rabbitmq
github.com/hashicorp/terraform/terraform,terraform-provider-rabbitmq
github.com/hashicorp/terraform/plugin,terraform-provider-rancher
github.com/hashicorp/terraform/helper/resource,terraform-provider-rancher
github.com/hashicorp/terraform/helper/schema,terraform-provider-rancher
github.com/hashicorp/terraform/helper/validation,terraform-provider-rancher
github.com/hashicorp/terraform/terraform,terraform-provider-rancher
github.com/hashicorp/terraform/helper/resource,terraform-provider-rancher
github.com/hashicorp/terraform/helper/schema,terraform-provider-rancher
github.com/hashicorp/terraform/terraform,terraform-provider-rancher
github.com/hashicorp/terraform/plugin,terraform-provider-rancher2
github.com/hashicorp/terraform/helper/resource,terraform-provider-rancher2
github.com/hashicorp/terraform/helper/schema,terraform-provider-rancher2
github.com/hashicorp/terraform/helper/validation,terraform-provider-rancher2
github.com/hashicorp/terraform/terraform,terraform-provider-rancher2
github.com/hashicorp/terraform/helper/resource,terraform-provider-rancher2
github.com/hashicorp/terraform/helper/schema,terraform-provider-rancher2
github.com/hashicorp/terraform/terraform,terraform-provider-rancher2
github.com/hashicorp/terraform/plugin,terraform-provider-random
github.com/hashicorp/terraform/helper/schema,terraform-provider-random
github.com/hashicorp/terraform/terraform,terraform-provider-random
github.com/hashicorp/terraform/helper/resource,terraform-provider-random
github.com/hashicorp/terraform/helper/schema,terraform-provider-random
github.com/hashicorp/terraform/terraform,terraform-provider-random
github.com/hashicorp/terraform/plugin,terraform-provider-rightscale
github.com/hashicorp/terraform/helper/schema,terraform-provider-rightscale
github.com/hashicorp/terraform/helper/validation,terraform-provider-rightscale
github.com/hashicorp/terraform/terraform,terraform-provider-rightscale
github.com/hashicorp/terraform/helper/acctest,terraform-provider-rightscale
github.com/hashicorp/terraform/helper/resource,terraform-provider-rightscale
github.com/hashicorp/terraform/helper/schema,terraform-provider-rightscale
github.com/hashicorp/terraform/terraform,terraform-provider-rightscale
github.com/hashicorp/terraform/helper/acctest,terraform-provider-rightscale
github.com/hashicorp/terraform/plugin,terraform-provider-rundeck
github.com/hashicorp/terraform/helper/schema,terraform-provider-rundeck
github.com/hashicorp/terraform/terraform,terraform-provider-rundeck
github.com/hashicorp/terraform/helper/resource,terraform-provider-rundeck
github.com/hashicorp/terraform/helper/schema,terraform-provider-rundeck
github.com/hashicorp/terraform/terraform,terraform-provider-rundeck
github.com/hashicorp/terraform/plugin,terraform-provider-runscope
github.com/hashicorp/terraform/helper/hashcode,terraform-provider-runscope
github.com/hashicorp/terraform/helper/schema,terraform-provider-runscope
github.com/hashicorp/terraform/helper/validation,terraform-provider-runscope
github.com/hashicorp/terraform/terraform,terraform-provider-runscope
github.com/hashicorp/terraform/flatmap,terraform-provider-runscope
github.com/hashicorp/terraform/helper/resource,terraform-provider-runscope
github.com/hashicorp/terraform/helper/schema,terraform-provider-runscope
github.com/hashicorp/terraform/terraform,terraform-provider-runscope
github.com/hashicorp/terraform/plugin,terraform-provider-scaleway
github.com/hashicorp/terraform/helper/hashcode,terraform-provider-scaleway
github.com/hashicorp/terraform/helper/logging,terraform-provider-scaleway
github.com/hashicorp/terraform/helper/resource,terraform-provider-scaleway
github.com/hashicorp/terraform/helper/schema,terraform-provider-scaleway
github.com/hashicorp/terraform/helper/validation,terraform-provider-scaleway
github.com/hashicorp/terraform/terraform,terraform-provider-scaleway
github.com/hashicorp/terraform/helper/acctest,terraform-provider-scaleway
github.com/hashicorp/terraform/helper/resource,terraform-provider-scaleway
github.com/hashicorp/terraform/helper/schema,terraform-provider-scaleway
github.com/hashicorp/terraform/terraform,terraform-provider-scaleway
github.com/hashicorp/terraform/plugin,terraform-provider-selectel
github.com/hashicorp/terraform/helper/hashcode,terraform-provider-selectel
github.com/hashicorp/terraform/helper/schema,terraform-provider-selectel
github.com/hashicorp/terraform/helper/validation,terraform-provider-selectel
github.com/hashicorp/terraform/terraform,terraform-provider-selectel
github.com/hashicorp/terraform/helper/acctest,terraform-provider-selectel
github.com/hashicorp/terraform/helper/resource,terraform-provider-selectel
github.com/hashicorp/terraform/helper/schema,terraform-provider-selectel
github.com/hashicorp/terraform/terraform,terraform-provider-selectel
github.com/hashicorp/terraform/plugin,terraform-provider-skytap
github.com/hashicorp/terraform/helper/hashcode,terraform-provider-skytap
github.com/hashicorp/terraform/helper/resource,terraform-provider-skytap
github.com/hashicorp/terraform/helper/schema,terraform-provider-skytap
github.com/hashicorp/terraform/helper/validation,terraform-provider-skytap
github.com/hashicorp/terraform/terraform,terraform-provider-skytap
github.com/hashicorp/terraform/helper/acctest,terraform-provider-skytap
github.com/hashicorp/terraform/helper/resource,terraform-provider-skytap
github.com/hashicorp/terraform/helper/schema,terraform-provider-skytap
github.com/hashicorp/terraform/terraform,terraform-provider-skytap
github.com/hashicorp/terraform/plugin,terraform-provider-spotinst
github.com/hashicorp/terraform/helper/resource,terraform-provider-spotinst
github.com/hashicorp/terraform/helper/schema,terraform-provider-spotinst
github.com/hashicorp/terraform/terraform,terraform-provider-spotinst
github.com/hashicorp/terraform/helper/schema,terraform-provider-spotinst
github.com/hashicorp/terraform/helper/hashcode,terraform-provider-spotinst
github.com/hashicorp/terraform/helper/schema,terraform-provider-spotinst
github.com/hashicorp/terraform/helper/schema,terraform-provider-spotinst
github.com/hashicorp/terraform/helper/hashcode,terraform-provider-spotinst
github.com/hashicorp/terraform/helper/schema,terraform-provider-spotinst
github.com/hashicorp/terraform/helper/schema,terraform-provider-spotinst
github.com/hashicorp/terraform/helper/hashcode,terraform-provider-spotinst
github.com/hashicorp/terraform/helper/schema,terraform-provider-spotinst
github.com/hashicorp/terraform/helper/schema,terraform-provider-spotinst
github.com/hashicorp/terraform/helper/schema,terraform-provider-spotinst
github.com/hashicorp/terraform/helper/schema,terraform-provider-spotinst
github.com/hashicorp/terraform/helper/schema,terraform-provider-spotinst
github.com/hashicorp/terraform/helper/schema,terraform-provider-spotinst
github.com/hashicorp/terraform/helper/schema,terraform-provider-spotinst
github.com/hashicorp/terraform/helper/schema,terraform-provider-spotinst
github.com/hashicorp/terraform/helper/schema,terraform-provider-spotinst
github.com/hashicorp/terraform/helper/schema,terraform-provider-spotinst
github.com/hashicorp/terraform/helper/schema,terraform-provider-spotinst
github.com/hashicorp/terraform/helper/schema,terraform-provider-spotinst
github.com/hashicorp/terraform/helper/schema,terraform-provider-spotinst
github.com/hashicorp/terraform/helper/schema,terraform-provider-spotinst
github.com/hashicorp/terraform/helper/schema,terraform-provider-spotinst
github.com/hashicorp/terraform/helper/schema,terraform-provider-spotinst
github.com/hashicorp/terraform/helper/schema,terraform-provider-spotinst
github.com/hashicorp/terraform/helper/schema,terraform-provider-spotinst
github.com/hashicorp/terraform/helper/schema,terraform-provider-spotinst
github.com/hashicorp/terraform/helper/schema,terraform-provider-spotinst
github.com/hashicorp/terraform/helper/schema,terraform-provider-spotinst
github.com/hashicorp/terraform/helper/schema,terraform-provider-spotinst
github.com/hashicorp/terraform/helper/schema,terraform-provider-spotinst
github.com/hashicorp/terraform/helper/hashcode,terraform-provider-spotinst
github.com/hashicorp/terraform/helper/schema,terraform-provider-spotinst
github.com/hashicorp/terraform/helper/hashcode,terraform-provider-spotinst
github.com/hashicorp/terraform/helper/schema,terraform-provider-spotinst
github.com/hashicorp/terraform/helper/schema,terraform-provider-spotinst
github.com/hashicorp/terraform/helper/schema,terraform-provider-spotinst
github.com/hashicorp/terraform/helper/schema,terraform-provider-spotinst
github.com/hashicorp/terraform/helper/schema,terraform-provider-spotinst
github.com/hashicorp/terraform/helper/schema,terraform-provider-spotinst
github.com/hashicorp/terraform/helper/hashcode,terraform-provider-spotinst
github.com/hashicorp/terraform/helper/schema,terraform-provider-spotinst
github.com/hashicorp/terraform/helper/schema,terraform-provider-spotinst
github.com/hashicorp/terraform/helper/schema,terraform-provider-spotinst
github.com/hashicorp/terraform/helper/schema,terraform-provider-spotinst
github.com/hashicorp/terraform/helper/schema,terraform-provider-spotinst
github.com/hashicorp/terraform/helper/schema,terraform-provider-spotinst
github.com/hashicorp/terraform/helper/hashcode,terraform-provider-spotinst
github.com/hashicorp/terraform/helper/schema,terraform-provider-spotinst
github.com/hashicorp/terraform/helper/schema,terraform-provider-spotinst
github.com/hashicorp/terraform/helper/hashcode,terraform-provider-spotinst
github.com/hashicorp/terraform/helper/schema,terraform-provider-spotinst
github.com/hashicorp/terraform/helper/hashcode,terraform-provider-spotinst
github.com/hashicorp/terraform/helper/schema,terraform-provider-spotinst
github.com/hashicorp/terraform/helper/hashcode,terraform-provider-spotinst
github.com/hashicorp/terraform/helper/schema,terraform-provider-spotinst
github.com/hashicorp/terraform/helper/hashcode,terraform-provider-spotinst
github.com/hashicorp/terraform/helper/schema,terraform-provider-spotinst
github.com/hashicorp/terraform/helper/hashcode,terraform-provider-spotinst
github.com/hashicorp/terraform/helper/schema,terraform-provider-spotinst
github.com/hashicorp/terraform/helper/schema,terraform-provider-spotinst
github.com/hashicorp/terraform/helper/schema,terraform-provider-spotinst
github.com/hashicorp/terraform/helper/schema,terraform-provider-spotinst
github.com/hashicorp/terraform/helper/hashcode,terraform-provider-spotinst
github.com/hashicorp/terraform/helper/schema,terraform-provider-spotinst
github.com/hashicorp/terraform/helper/schema,terraform-provider-spotinst
github.com/hashicorp/terraform/helper/schema,terraform-provider-spotinst
github.com/hashicorp/terraform/helper/schema,terraform-provider-spotinst
github.com/hashicorp/terraform/helper/schema,terraform-provider-spotinst
github.com/hashicorp/terraform/helper/hashcode,terraform-provider-spotinst
github.com/hashicorp/terraform/helper/schema,terraform-provider-spotinst
github.com/hashicorp/terraform/helper/schema,terraform-provider-spotinst
github.com/hashicorp/terraform/helper/schema,terraform-provider-spotinst
github.com/hashicorp/terraform/helper/resource,terraform-provider-spotinst
github.com/hashicorp/terraform/helper/schema,terraform-provider-spotinst
github.com/hashicorp/terraform/terraform,terraform-provider-spotinst
github.com/hashicorp/terraform/plugin,terraform-provider-statuscake
github.com/hashicorp/terraform/helper/schema,terraform-provider-statuscake
github.com/hashicorp/terraform/terraform,terraform-provider-statuscake
github.com/hashicorp/terraform/helper/resource,terraform-provider-statuscake
github.com/hashicorp/terraform/helper/schema,terraform-provider-statuscake
github.com/hashicorp/terraform/terraform,terraform-provider-statuscake
github.com/hashicorp/terraform/plugin,terraform-provider-template
github.com/hashicorp/terraform/helper/hashcode,terraform-provider-template
github.com/hashicorp/terraform/helper/pathorcontents,terraform-provider-template
github.com/hashicorp/terraform/helper/schema,terraform-provider-template
github.com/hashicorp/terraform/lang,terraform-provider-template
github.com/hashicorp/terraform/terraform,terraform-provider-template
github.com/hashicorp/terraform/helper/resource,terraform-provider-template
github.com/hashicorp/terraform/helper/schema,terraform-provider-template
github.com/hashicorp/terraform/terraform,terraform-provider-template
github.com/hashicorp/terraform/plugin,terraform-provider-tencentcloud
github.com/hashicorp/terraform/terraform,terraform-provider-tencentcloud
github.com/hashicorp/terraform/helper/schema,terraform-provider-tencentcloud
github.com/hashicorp/terraform/helper/hashcode,terraform-provider-tencentcloud
github.com/hashicorp/terraform/helper/resource,terraform-provider-tencentcloud
github.com/hashicorp/terraform/helper/schema,terraform-provider-tencentcloud
github.com/hashicorp/terraform/helper/acctest,terraform-provider-tencentcloud
github.com/hashicorp/terraform/helper/hashcode,terraform-provider-tencentcloud
github.com/hashicorp/terraform/helper/resource,terraform-provider-tencentcloud
github.com/hashicorp/terraform/helper/schema,terraform-provider-tencentcloud
github.com/hashicorp/terraform/terraform,terraform-provider-tencentcloud
github.com/hashicorp/terraform/plugin,terraform-provider-tfe
github.com/hashicorp/terraform/helper/logging,terraform-provider-tfe
github.com/hashicorp/terraform/helper/schema,terraform-provider-tfe
github.com/hashicorp/terraform/helper/validation,terraform-provider-tfe
github.com/hashicorp/terraform/svchost,terraform-provider-tfe
github.com/hashicorp/terraform/svchost/auth,terraform-provider-tfe
github.com/hashicorp/terraform/svchost/disco,terraform-provider-tfe
github.com/hashicorp/terraform/terraform,terraform-provider-tfe
github.com/hashicorp/terraform/helper/resource,terraform-provider-tfe
github.com/hashicorp/terraform/helper/schema,terraform-provider-tfe
github.com/hashicorp/terraform/svchost/disco,terraform-provider-tfe
github.com/hashicorp/terraform/terraform,terraform-provider-tfe
github.com/hashicorp/terraform/plugin,terraform-provider-tls
github.com/hashicorp/terraform/helper/schema,terraform-provider-tls
github.com/hashicorp/terraform/terraform,terraform-provider-tls
github.com/hashicorp/terraform/helper/resource,terraform-provider-tls
github.com/hashicorp/terraform/helper/schema,terraform-provider-tls
github.com/hashicorp/terraform/terraform,terraform-provider-tls
github.com/hashicorp/terraform/plugin,terraform-provider-ucloud
github.com/hashicorp/terraform/helper/acctest,terraform-provider-ucloud
github.com/hashicorp/terraform/helper/customdiff,terraform-provider-ucloud
github.com/hashicorp/terraform/helper/hashcode,terraform-provider-ucloud
github.com/hashicorp/terraform/helper/mutexkv,terraform-provider-ucloud
github.com/hashicorp/terraform/helper/resource,terraform-provider-ucloud
github.com/hashicorp/terraform/helper/schema,terraform-provider-ucloud
github.com/hashicorp/terraform/helper/validation,terraform-provider-ucloud
github.com/hashicorp/terraform/terraform,terraform-provider-ucloud
github.com/hashicorp/terraform/helper/acctest,terraform-provider-ucloud
github.com/hashicorp/terraform/helper/hashcode,terraform-provider-ucloud
github.com/hashicorp/terraform/helper/resource,terraform-provider-ucloud
github.com/hashicorp/terraform/helper/schema,terraform-provider-ucloud
github.com/hashicorp/terraform/terraform,terraform-provider-ucloud
github.com/hashicorp/terraform/plugin,terraform-provider-vault
github.com/hashicorp/terraform/helper/resource,terraform-provider-vault
github.com/hashicorp/terraform/helper/schema,terraform-provider-vault
github.com/hashicorp/terraform/terraform,terraform-provider-vault
github.com/hashicorp/terraform/helper/customdiff,terraform-provider-vault
github.com/hashicorp/terraform/helper/hashcode,terraform-provider-vault
github.com/hashicorp/terraform/helper/logging,terraform-provider-vault
github.com/hashicorp/terraform/helper/mutexkv,terraform-provider-vault
github.com/hashicorp/terraform/helper/resource,terraform-provider-vault
github.com/hashicorp/terraform/helper/schema,terraform-provider-vault
github.com/hashicorp/terraform/helper/validation,terraform-provider-vault
github.com/hashicorp/terraform/terraform,terraform-provider-vault
github.com/hashicorp/terraform/helper/acctest,terraform-provider-vault
github.com/hashicorp/terraform/helper/pathorcontents,terraform-provider-vault
github.com/hashicorp/terraform/helper/resource,terraform-provider-vault
github.com/hashicorp/terraform/helper/schema,terraform-provider-vault
github.com/hashicorp/terraform/terraform,terraform-provider-vault
github.com/hashicorp/terraform/plugin,terraform-provider-vcd
github.com/hashicorp/terraform/helper/hashcode,terraform-provider-vcd
github.com/hashicorp/terraform/helper/mutexkv,terraform-provider-vcd
github.com/hashicorp/terraform/helper/resource,terraform-provider-vcd
github.com/hashicorp/terraform/helper/schema,terraform-provider-vcd
github.com/hashicorp/terraform/helper/validation,terraform-provider-vcd
github.com/hashicorp/terraform/terraform,terraform-provider-vcd
github.com/hashicorp/terraform/plugin,terraform-provider-vra7
github.com/hashicorp/terraform/terraform,terraform-provider-vra7
github.com/hashicorp/terraform/helper/schema,terraform-provider-vra7
github.com/hashicorp/terraform/terraform,terraform-provider-vra7
github.com/hashicorp/terraform/helper/resource,terraform-provider-vra7
github.com/hashicorp/terraform/helper/schema,terraform-provider-vra7
github.com/hashicorp/terraform/terraform,terraform-provider-vra7
github.com/hashicorp/terraform/plugin,terraform-provider-vsphere
github.com/hashicorp/terraform/helper/resource,terraform-provider-vsphere
github.com/hashicorp/terraform/helper/schema,terraform-provider-vsphere
github.com/hashicorp/terraform/helper/validation,terraform-provider-vsphere
github.com/hashicorp/terraform/terraform,terraform-provider-vsphere
github.com/hashicorp/terraform/helper/schema,terraform-provider-vsphere
github.com/hashicorp/terraform/helper/schema,terraform-provider-vsphere
github.com/hashicorp/terraform/helper/schema,terraform-provider-vsphere
github.com/hashicorp/terraform/helper/validation,terraform-provider-vsphere
github.com/hashicorp/terraform/helper/schema,terraform-provider-vsphere
github.com/hashicorp/terraform/helper/validation,terraform-provider-vsphere
github.com/hashicorp/terraform/helper/acctest,terraform-provider-vsphere
github.com/hashicorp/terraform/helper/resource,terraform-provider-vsphere
github.com/hashicorp/terraform/helper/schema,terraform-provider-vsphere
github.com/hashicorp/terraform/terraform,terraform-provider-vsphere
github.com/hashicorp/terraform/plugin,terraform-provider-yandex
github.com/hashicorp/terraform/terraform,terraform-provider-yandex
github.com/hashicorp/terraform/helper/customdiff,terraform-provider-yandex
github.com/hashicorp/terraform/helper/hashcode,terraform-provider-yandex
github.com/hashicorp/terraform/helper/mutexkv,terraform-provider-yandex
github.com/hashicorp/terraform/helper/schema,terraform-provider-yandex
github.com/hashicorp/terraform/helper/validation,terraform-provider-yandex
github.com/hashicorp/terraform/terraform,terraform-provider-yandex
github.com/hashicorp/terraform/config,terraform-provider-yandex
github.com/hashicorp/terraform/helper/acctest,terraform-provider-yandex
github.com/hashicorp/terraform/helper/resource,terraform-provider-yandex
github.com/hashicorp/terraform/helper/schema,terraform-provider-yandex
github.com/hashicorp/terraform/terraform,terraform-provider-yandex
